Headline,Link
"Gemma 4 12B: A unified, encoder-free multimodal model (blog.google)",https://blog.google/innovation-and-ai/technology/developers-tools/introducing-gemma-4-12b/
I was recently diagnosed with anti-NMDA receptor encephalitis (burntsushi.net),https://burntsushi.net/encephalitis/
ESP32-S31 (espressif.com),https://www.espressif.com/en/products/socs/esp32-s31
Bots have now passed human traffic online for the first time (cloudflare.com),https://radar.cloudflare.com/traffic#bot-vs-human
DaVinci Resolve 21 (blackmagicdesign.com),https://www.blackmagicdesign.com/products/davinciresolve/whatsnew
Launch HN: Hyper (YC P26) – Company brain to power agentic development,item?id=48387095
Hacking your PC using your speaker without ever touching it (nns.ee),https://blog.nns.ee/2026/06/03/katana-badusb/
Skyvern (YC S23) Is Hiring Open-Source Loving DevRel Engineers (ycombinator.com),https://www.ycombinator.com/companies/skyvern/jobs/1qRTlVx-founding-developer-marketing-open-source-ai
Gooey: A GPU-accelerated UI framework for Zig (github.com/duanebester),https://github.com/duanebester/gooey
A Post-Quantum Future for Let's Encrypt (letsencrypt.org),https://letsencrypt.org/2026/06/03/pq-certs
Fluid Simulation for Dummies (mikeash.com),https://www.mikeash.com/pyblog/fluid-simulation-for-dummies.html
Show HN: Nutrepedia – nutrition info in 29 locales built with Clojure and Htmx (nutrepedia.com),https://nutrepedia.com/en-us/
Meta workers can opt out of being tracked at work up to 30 min (bbc.com),https://www.bbc.com/news/articles/c93x0k194yno
"Uber's $1,500/month AI limit is a useful signal for AI tool pricing (simonwillison.net)",https://simonwillison.net/2026/Jun/3/uber-caps-usage/
Every Byte Matters (fzakaria.com),https://fzakaria.com/2026/06/01/every-byte-matters
MacBook Neo Is So Popular That Apple Doubled Production (macrumors.com),https://www.macrumors.com/2026/06/03/macbook-neo-production-doubled-says-kuo/
What I've learned about the trombone (bryanhu.com),http://bryanhu.com/blog/posts/what-ive-learned-about-the-trombone/
"Show HN: Rscrypto, pure-Rust crypto with industry leading public benches (github.com/loadingalias)",https://github.com/loadingalias/rscrypto
PlayStation Architecture (copetti.org),https://www.copetti.org/writings/consoles/playstation/
1-Click GitHub Token Stealing via a VSCode Bug (ammaraskar.com),https://blog.ammaraskar.com/github-token-stealing/
32GB of DDR5 now costs $375 – AI shortage continues to squeeze PC building (tomshardware.com),https://www.tomshardware.com/pc-components/ddr5/32gb-of-ddr5-now-costs-usd375-minimum-ai-shortage-continues-to-squeeze-pc-building
Mathematicians issue warning as AI rapidly gains ground (science.org),https://www.science.org/content/article/mathematicians-issue-warning-ai-rapidly-gains-ground
Show HN: Edsger – A handwritten Clojure REPL for the reMarkable 2 (handwritten.danieljanus.pl),https://handwritten.danieljanus.pl/2026-06-01-edsger.html
Angular v22 (angular.dev),https://blog.angular.dev/announcing-angular-v22-c52bb83a4664
Nabokov's pale fire: the lost 'father of all hypertext demos'? (2011) (acm.org),https://dl.acm.org/doi/pdf/10.1145/1995966.1996008
Sixteen Kids and a Hit Man (2024) (nymag.com),https://nymag.com/intelligencer/article/christopher-pence-corderos-fbi-dark-web-hit-man.html
How turkey hacked the hair-transplant industry (wired.com),https://www.wired.com/story/how-turkey-hacked-the-hair-transplant-industry/
Use your Nvidia GPU's VRAM as swap space on Linux (github.com/c0dejedi),https://github.com/c0dejedi/nbd-vram
I built a ceiling projection mapping of the planes flying over my house (reddit.com),https://old.reddit.com/r/nextfuckinglevel/comments/1tvmcin/i_live_in_the_take_off_path_of_sfo_and_built_a/
The Public Should Own Half of the Big A.I. Companies (senate.gov),https://www.sanders.senate.gov/op-eds/the-public-should-own-half-of-the-big-a-i-companies/
Shopify outage [resolved] (shopifystatus.com),https://www.shopifystatus.com
Show HN: I reverse-engineered the world maps of Test Drive III (1990 DOS game) (github.com/s-macke),https://github.com/s-macke/Test-Drive-3-Maps
MAI-Code-1-Flash (microsoft.ai),https://microsoft.ai/news/introducingmai-code-1-flash/
REST3D: Reconstructing Physically Stable 3D Scenes from a Single Image (shirleymaxx.github.io),https://shirleymaxx.github.io/REST3D/
I believe a whole generation of developers miss how open source used to work (twitter.com/mitsuhiko),https://twitter.com/mitsuhiko/status/2062181646804152626
The Unreasonable Redundancy of Nature's Protein Folds (ligo.bio),https://research.ligo.bio/posts/unreasonable-redundancy-of-natural-protein-folds/
U of T researchers demonstrate AI worm could target any online device (utoronto.ca),https://www.utoronto.ca/news/u-t-researchers-demonstrate-ai-worm-could-target-any-online-device
"Gmail thinks I'm stupid, so I left (moddedbear.com)",https://moddedbear.com/gmail-thinks-im-stupid-so-i-left
New Texas Instruments 5532 chips are not the 5532's we've used for decades (groupdiy.com),https://groupdiy.com/threads/the-new-ti-5532-chips-are-not-5532s-weve-used-for-decades.93707/
AI outperforms law professors in Stanford Law study (stanford.edu),https://law.stanford.edu/press/ai-outperforms-law-professors-in-stanford-law-study/
Leiden Declaration on Artificial Intelligence and Mathematics (leidendeclaration.ai),https://leidendeclaration.ai/
"DIY Bipedal Robot Used Pneumatic ""Air-Muscles"" Instead of Motors (ieee.org)",https://spectrum.ieee.org/shadow-walker-biped-humanoid-robot
Show HN: Ideogram 4.0 – open-weight 9.3B text-to-image model (github.com/ideogram-oss),https://github.com/ideogram-oss/ideogram4
Pluto.jl 1.0 release – reactive notebook for Julia (julialang.org),https://discourse.julialang.org/t/pluto-1-0-release/137296
Roku LT Operating System open source distribution (roku.com),https://blog.roku.com/developer/roku-lt-os
"Thomas Mann: Goethe Heartened by Panama (As Suez for English, or Danube-Rhine) (yalereview.org)",https://yalereview.org/article/thomas-mann-goethe
SpaceX's IPO is a disaster waiting to happen for your pension fund (irishtimes.com),https://www.irishtimes.com/business/2026/06/03/heavily-in-debt-loss-making-with-eyes-on-sending-people-to-mars-why-would-anyone-invest-in-spacex/
Tesla retroactively added 'supervised' to FSD contracts owners signed years ago (electrek.co),https://electrek.co/2026/06/03/tesla-retroactively-modified-fsd-contracts-supervised/
"Capstone – multi-platform, multi-architecture disassembly framework (capstone-engine.org)",https://www.capstone-engine.org/
Show HN: Tired of duct-taping access control into agent prompts. Here's the fix (github.com/yaodub),https://github.com/yaodub/cast
Show HN: Solving complex optimization problems with Google OR-Tools in browser (github.com/axelwickm),https://github.com/Axelwickm/or-tools-wasm
How we index images for RAG (kapa.ai),https://www.kapa.ai/blog/how-we-index-images-for-rag
Uber cuts 23% of people division as new president takes over (bloomberg.com),https://www.bloomberg.com/news/articles/2026-06-03/uber-cuts-23-of-people-division-as-new-president-takes-charge
My thoughts after using Clojure for about a month (acdw.net),https://www.acdw.net/clojure/
HP re-releases classic computer science calculator: The HP-16C (hpcalcs.com),https://hpcalcs.com/product/hp-16c-collectors-edition/
Writing Portable ARM64 Assembly (2023) (ariadne.space),https://ariadne.space/2023/04/12/writing-portable-arm-assembly.html
Preparing for KDE Plasma's Last X11-Supported Release (davidedmundson.co.uk),https://blog.davidedmundson.co.uk/blog/596/
OpenFOV – Webcam head tracking for iRacing (openfov.com),https://www.openfov.com/
"If AI data centers are so great, why are they being built in secret? (thebrockovichreport.com)",https://www.thebrockovichreport.com/p/if-data-centers-are-so-great-why
Open Repair Data Standard (openrepair.org),https://openrepair.org/open-data/open-standard/
Lean Inference: Lean Manufacturing Principles Applied to AI (neurometric.substack.com),https://neurometric.substack.com/p/lean-inference-workflows-applying
Words of Type (wordsoftype.com),https://wiki.wordsoftype.com/
"Fidonet: Technology, Use, Tools, and History (1993) (fidonet.org)",https://www.fidonet.org/inet92_Randy_Bush.txt
Recovering Eric Graham's 1987 Amiga Juggler raytracer source code (alphapixeldev.com),https://alphapixeldev.com/recovering-eric-grahams-1987-amiga-juggler-raytracer-source-code/
Are You Enjoying Our Linguine? (2025) (thedial.world),https://www.thedial.world/articles/news/american-tourists-rome
CT scans of BYD car parts (lumafield.com),https://www.lumafield.com/scan-of-the-month/byd
Trump signs downsized AI order after weeks of reversals (politico.com),https://www.politico.com/news/2026/06/02/trump-signs-downsized-ai-order-00946389
"Muxcard, a DIY credit card size computer (github.com/krauseler)",https://github.com/krauseler/muxcard
Stop Ruining It (seths.blog),https://seths.blog/2026/06/stop-ruining-it/
Multicore suppport for DOS is real – partly (vogons.org),https://www.vogons.org/viewtopic.php?t=111336
Show HN: Instant DBML Schema to Database Diagram PNG Tool (vibe-schema.com),https://vibe-schema.com/dbml-to-png
German startup advancing compressor-free electrocaloric heat pump technology (pv-magazine.com),https://www.pv-magazine.com/2026/06/02/german-startup-advancing-compressor-free-electrocaloric-heat-pump-technology/
The newest Instagram “exploit” is the goofiest I've seen (0xsid.com),https://www.0xsid.com/blog/meta-account-takeover-fiasco
Man out of Time: The travels and ecstasies of a Russian aesthete (lareviewofbooks.org),https://lareviewofbooks.org/article/evocations-italy-pavel-muratov-russian-travel-modernism-art/
"4K years ago, Mohenjo-daro grew more equal over time (archaeologymag.com)",https://archaeologymag.com/2026/05/mohenjo-daro-grew-more-equal-over-time/
Squillions: How money laundering won (lrb.co.uk),https://www.lrb.co.uk/the-paper/v48/n09/john-lanchester/squillions
Show HN: Eyeball (rory.codes),https://eyeball.rory.codes/
Adafruit receives demand letter from Fenwick legal counsel on behalf of Flux.ai (adafruit.com),https://blog.adafruit.com/
Show HN: Live breath detection and biofeedback from a phone microphone (github.com/shiihaa-app),https://github.com/shiihaa-app/shiihaa-breath-detection
QBE – Compiler Backend – 1.3 (c9x.me),https://c9x.me/compile/release/qbe-1.3.html
The advertising cartel coming to your web browser (zgp.org),https://blog.zgp.org/the-advertising-cartel-coming-to-your-web-browser/
Bringing Up DeepSeek-V4-Flash on AMD MI300X (fergusfinn.com),https://fergusfinn.com/blog/deepseek-v4-flash-mi300x/
"Age verification for social media, the beginning of the end for a free internet? (mullvad.net)",https://mullvad.net/en/blog/age-verification-for-social-media-the-beginning-of-the-end-for-a-free-internet
"Economists Are Obsessed with ""Job Creation."" How about Less Work? (2017) (evonomics.com)",https://evonomics.com/less-work-job-creation-peter-gray/
CSS-Native Parallax Effect (dan-webnotes.com),https://dan-webnotes.com/posts/2026-06-02-css-native-parallax-effect/
Project Sunrise Nears Reality as Qantas' Airbus A350-1000ULR Makes Maiden Flight (simpleflying.com),https://simpleflying.com/project-sunrise-qantas-a350-1000ulr-maiden-flight/
"Show HN: Phive, a Gomoku-like game to play with friends or solo (phive.app)",https://phive.app
Why Janet? (2023) (ianthehenry.com),https://ianthehenry.com/posts/why-janet/
"Facing life-threatening miscarriage in Arkansas, calls to governor didn't help (cnn.com)",https://www.cnn.com/2026/05/28/health/arkansas-miscarriage-abortion-ban-propublica
Loading Sega Games Off a Vinyl Record [video] (youtube.com),https://www.youtube.com/watch?v=c744iD0_fWU
